[
  {
    "category_en": "Population",
    "category_ua": "Населення",
    "category_es": "Población",
    "name_en": "Europe 2024",
    "name_ua": "Європа 2024",
    "name_es": "Europa 2024",
    "description_en": "Total population living in Europe as of 2024.",
    "description_ua": "Загальна кількість жителів у Європі станом на 2024 рік.",
    "description_es": "Población total que vive en Europa a partir de 2024.",
    "population": { "value": 450400000, "unit": "people" }
  },
  {
    "category_en": "Population",
    "category_ua": "Населення",
    "category_es": "Población",
    "name_en": "USA 2024",
    "name_ua": "США 2024",
    "name_es": "EE.UU. 2024",
    "description_en": "Total population of the United States as of 2024.",
    "description_ua": "Загальна кількість населення США станом на 2024 рік.",
    "description_es": "Población total de Estados Unidos a partir de 2024.",
    "population": { "value": 340110988, "unit": "people" }
  },
  {
    "category_en": "Population",
    "category_ua": "Населення",
    "category_es": "Población",
    "name_en": "World 2024",
    "name_ua": "Світ 2024",
    "name_es": "Mundo 2024",
    "description_en": "Estimated total population of the world as of January 1, 2025.",
    "description_ua": "Оцінкова загальна кількість населення світу станом на 1 січня 2025 року.",
    "description_es": "Estimación de la población mundial total al 1 de enero de 2025.",
    "population": { "value": 8090000000, "unit": "people" }
  },
  {
    "category_en": "Population",
    "category_ua": "Населення",
    "category_es": "Población",
    "name_en": "China 2024",
    "name_ua": "Китай 2024",
    "name_es": "China 2024",
    "description_en": "Total population of China in 2024 after a third consecutive year of decline.",
    "description_ua": "Загальна кількість населення Китаю в 2024 році після третього підряд року зменшення.",
    "description_es": "Población total de China en 2024 tras el tercer año consecutivo de descenso.",
    "population": { "value": 1408000000, "unit": "people" }
  },
  {
    "category_en": "Area",
    "category_ua": "Площа",
    "category_es": "Área",
    "name_en": "Land Area of Earth",
    "name_ua": "Площа суходолу",
    "name_es": "Área terrestre",
    "description_en": "Total land area of Earth excluding bodies of water.",
    "description_ua": "Загальна площа суходолу Землі без урахування водних об'єктів.",
    "description_es": "Área terrestre total de la Tierra excluyendo cuerpos de agua.",
    "area": { "value": 150000000, "unit": "km²" }
  },
  {
    "category_en": "Area",
    "category_ua": "Площа",
    "category_es": "Área",
    "name_en": "Land Area of Europe",
    "name_ua": "Площа Європи",
    "name_es": "Área de Europa",
    "description_en": "Total geographical area of the continent of Europe.",
    "description_ua": "Загальна географічна площа континенту Європа.",
    "description_es": "Área geográfica total del continente europeo.",
    "area": { "value": 10180000, "unit": "km²" }
  },
  {
    "category_en": "Surface Area",
    "category_ua": "Площа об’єктів",
    "category_es": "Área de superficie",
    "name_en": "Earth's Water Surface",
    "name_ua": "Водна поверхня Землі",
    "name_es": "Superficie de agua de la Tierra",
    "description_en": "Total surface area of Earth's oceans and inland waters.",
    "description_ua": "Загальна площа океанів та внутрішніх вод Землі.",
    "description_es": "Área total de océanos y aguas interiores de la Tierra.",
    "area": { "value": 360000000, "unit": "km²" }
  },
  {
    "category_en": "Objects",
    "category_ua": "Об’єкти",
    "category_es": "Objetos",
    "name_en": "Mount Everest Height",
    "name_ua": "Висота Евересту",
    "name_es": "Altura del Monte Everest",
    "description_en": "Official measured height of Mount Everest as of December 2020.",
    "description_ua": "Офіційна виміряна висота гори Еверест станом на грудень 2020 року.",
    "description_es": "Altura oficial medida del Monte Everest a diciembre de 2020.",
    "height": { "value": 8848.86, "unit": "m" }
  },
  {
    "category_en": "Objects",
    "category_ua": "Об’єкти",
    "category_es": "Objetos",
    "name_en": "Burj Khalifa Height",
    "name_ua": "Бурдж Халіфа",
    "name_es": "Altura del Burj Khalifa",
    "description_en": "Height of the Burj Khalifa, the world's tallest building.",
    "description_ua": "Висота Бурдж Халіфа, найвищої будівлі світу.",
    "description_es": "Altura del Burj Khalifa, el edificio más alto del mundo.",
    "height": { "value": 828, "unit": "m" }
  }
]
