[
  {
    "category_en": "Numbers",
    "category_ua": "Числа",
    "category_es": "Números",
    "name_en": "One Million",
    "name_ua": "Один мільйон",
    "name_es": "Un millón",
    "description_en": "The integer represented by the digit 1 followed by six zeros.",
    "description_ua": "Ціле число, яке складається з 1 та шести нулів.",
    "description_es": "El número entero representado por el dígito 1 seguido de seis ceros.",
    "quantity": { "value": 1000000, "unit": "unit" }
  },
  {
    "category_en": "Numbers",
    "category_ua": "Числа",
    "category_es": "Números",
    "name_en": "One Billion",
    "name_ua": "Один мільярд",
    "name_es": "Mil millones",
    "description_en": "The integer represented by the digit 1 followed by nine zeros.",
    "description_ua": "Ціле число, яке складається з 1 та дев’яти нулів.",
    "description_es": "El número entero representado por el dígito 1 seguido de nueve ceros.",
    "quantity": { "value": 1000000000, "unit": "unit" }
  },
  {
    "category_en": "Square roots",
    "category_ua": "Квадратний корінь",
    "category_es": "Raíz cuadrada",
    "name_en": "√9",
    "name_ua": "√9",
    "name_es": "√9",
    "description_en": "The number 3.",
    "description_ua": "Число 3",
    "description_es": "El número 3.",
    "quantity": { "value": 3, "unit": "unit" }
  },
  {
    "category_en": "Square roots",
    "category_ua": "Квадратний корінь",
    "category_es": "Raíz cuadrada",
    "name_en": "√121",
    "name_ua": "√121",
    "name_es": "√121",
    "description_en": "The number 11.",
    "description_ua": "Число 11",
    "description_es": "El número 11.",
    "quantity": { "value": 11, "unit": "unit" }
  },
  {
    "category_en": "Powers",
    "category_ua": "Степені",
    "category_es": "Potencias",
    "name_en": "3²",
    "name_ua": "3²",
    "name_es": "3²",
    "description_en": "The number 9.",
    "description_ua": "Число 9",
    "description_es": "El número 9.",
    "quantity": { "value": 9, "unit": "unit" }
  },
  {
    "category_en": "Powers",
    "category_ua": "Степені",
    "category_es": "Potencias",
    "name_en": "10³",
    "name_ua": "10³",
    "name_es": "10³",
    "description_en": "The number 1000.",
    "description_ua": "Число 1000",
    "description_es": "El número 1000.",
    "quantity": { "value": 1000, "unit": "unit" }
  },
  {
    "category_en": "Powers",
    "category_ua": "Степені",
    "category_es": "Potencias",
    "name_en": "10⁵",
    "name_ua": "10⁵",
    "name_es": "10⁵",
    "description_en": "The number 100000.",
    "description_ua": "Число 100000",
    "description_es": "El número 100000.",
    "quantity": { "value": 100000, "unit": "unit" }
  },
  {
    "category_en": "Square roots",
    "category_ua": "Квадратний корінь",
    "category_es": "Raíz cuadrada",
    "name_en": "√2",
    "name_ua": "√2",
    "name_es": "√2",
    "description_en": "The square root of 2.",
    "description_ua": "Квадратний корінь з 2.",
    "description_es": "Raíz cuadrada de 2.",
    "quantity": { "value": 1.4142135623730951, "unit": "unit" }
  },
  {
    "category_en": "Square roots",
    "category_ua": "Квадратний корінь",
    "category_es": "Raíz cuadrada",
    "name_en": "√3",
    "name_ua": "√3",
    "name_es": "√3",
    "description_en": "The square root of 3.",
    "description_ua": "Квадратний корінь з 3.",
    "description_es": "Raíz cuadrada de 3.",
    "quantity": { "value": 1.7320508075688772, "unit": "unit" }
  },
  {
    "category_en": "Square roots",
    "category_ua": "Квадратний корінь",
    "category_es": "Raíz cuadrada",
    "name_en": "√5",
    "name_ua": "√5",
    "name_es": "√5",
    "description_en": "The square root of 5.",
    "description_ua": "Квадратний корінь з 5.",
    "description_es": "Raíz cuadrada de 5.",
    "quantity": { "value": 2.23606797749979, "unit": "unit" }
  },
  {
    "category_en": "Square roots",
    "category_ua": "Квадратний корінь",
    "category_es": "Raíz cuadrada",
    "name_en": "√10",
    "name_ua": "√10",
    "name_es": "√10",
    "description_en": "The square root of 10.",
    "description_ua": "Квадратний корінь з 10.",
    "description_es": "Raíz cuadrada de 10.",
    "quantity": { "value": 3.1622776601683795, "unit": "unit" }
  },
  {
    "category_en": "Constants",
    "category_ua": "Константи",
    "category_es": "Constantes",
    "name_en": "π",
    "name_ua": "π",
    "name_es": "π",
    "description_en": "Pi, the ratio of a circle's circumference to its diameter.",
    "description_ua": "Число пі — відношення довжини кола до його діаметра.",
    "description_es": "Pi, la razón entre la circunferencia de un círculo y su diámetro.",
    "quantity": { "value": 3.141592653589793, "unit": "unit" }
  },
  {
    "category_en": "Constants",
    "category_ua": "Константи",
    "category_es": "Constantes",
    "name_en": "e",
    "name_ua": "e",
    "name_es": "e",
    "description_en": "Euler's number, the base of the natural logarithm.",
    "description_ua": "Число Ейлера — основа натурального логарифма.",
    "description_es": "Número de Euler, base del logaritmo natural.",
    "quantity": { "value": 2.718281828459045, "unit": "unit" }
  },
  {
    "category_en": "Constants",
    "category_ua": "Константи",
    "category_es": "Constantes",
    "name_en": "φ",
    "name_ua": "φ",
    "name_es": "φ",
    "description_en": "Golden ratio: (1+√5)/2.",
    "description_ua": "Золоте відношення: (1+√5)/2.",
    "description_es": "Razón áurea: (1+√5)/2.",
    "quantity": { "value": 1.618033988749895, "unit": "unit" }
  },
  {
    "category_en": "Constants",
    "category_ua": "Константи",
    "category_es": "Constantes",
    "name_en": "τ",
    "name_ua": "τ",
    "name_es": "τ",
    "description_en": "Tau, equal to 2π.",
    "description_ua": "Тау, дорівнює 2π.",
    "description_es": "Tau, igual a 2π.",
    "quantity": { "value": 6.283185307179586, "unit": "unit" }
  },
  {
    "category_en": "Powers",
    "category_ua": "Степені",
    "category_es": "Potencias",
    "name_en": "2¹⁰",
    "name_ua": "2¹⁰",
    "name_es": "2¹⁰",
    "description_en": "2 to the power of 10.",
    "description_ua": "2 у степені 10.",
    "description_es": "2 a la potencia de 10.",
    "quantity": { "value": 1024, "unit": "unit" }
  },
  {
    "category_en": "Powers",
    "category_ua": "Степені",
    "category_es": "Potencias",
    "name_en": "2²⁰",
    "name_ua": "2²⁰",
    "name_es": "2²⁰",
    "description_en": "2 to the power of 20.",
    "description_ua": "2 у степені 20.",
    "description_es": "2 a la potencia de 20.",
    "quantity": { "value": 1048576, "unit": "unit" }
  },
  {
    "category_en": "Square roots",
    "category_ua": "Квадратний корінь",
    "category_es": "Raíz cuadrada",
    "name_en": "√π",
    "name_ua": "√π",
    "name_es": "√π",
    "description_en": "Square root of pi.",
    "description_ua": "Квадратний корінь з числа π.",
    "description_es": "Raíz cuadrada de π.",
    "quantity": { "value": 1.7724538509055159, "unit": "unit" }
  },
  {
    "category_en": "Square roots",
    "category_ua": "Квадратний корінь",
    "category_es": "Raíz cuadrada",
    "name_en": "√e",
    "name_ua": "√e",
    "name_es": "√e",
    "description_en": "Square root of e.",
    "description_ua": "Квадратний корінь з числа e.",
    "description_es": "Raíz cuadrada de e.",
    "quantity": { "value": 1.6487212707001282, "unit": "unit" }
  },
  {
    "category_en": "Powers",
    "category_ua": "Степені",
    "category_es": "Potencias",
    "name_en": "3⁴",
    "name_ua": "3⁴",
    "name_es": "3⁴",
    "description_en": "3 to the 4th power.",
    "description_ua": "3 у 4-му степені.",
    "description_es": "3 a la cuarta potencia.",
    "quantity": { "value": 81, "unit": "unit" }
  },
  {
    "category_en": "Powers",
    "category_ua": "Степені",
    "category_es": "Potencias",
    "name_en": "5³",
    "name_ua": "5³",
    "name_es": "5³",
    "description_en": "5 to the 3rd power.",
    "description_ua": "5 у 3-му степені.",
    "description_es": "5 a la tercera potencia.",
    "quantity": { "value": 125, "unit": "unit" }
  },
  {
    "category_en": "Powers",
    "category_ua": "Степені",
    "category_es": "Potencias",
    "name_en": "10²",
    "name_ua": "10²",
    "name_es": "10²",
    "description_en": "10 to the 2nd power.",
    "description_ua": "10 у 2-му степені.",
    "description_es": "10 a la segunda potencia.",
    "quantity": { "value": 100, "unit": "unit" }
  },
  {
    "category_en": "Powers",
    "category_ua": "Степені",
    "category_es": "Potencias",
    "name_en": "2³²",
    "name_ua": "2³²",
    "name_es": "2³²",
    "description_en": "2 to the 32nd power.",
    "description_ua": "2 у 32-му степені.",
    "description_es": "2 a la potencia 32.",
    "quantity": { "value": 4294967296, "unit": "unit" }
  },
  {
    "category_en": "Logarithms",
    "category_ua": "Логарифми",
    "category_es": "Logaritmos",
    "name_en": "ln(2)",
    "name_ua": "ln(2)",
    "name_es": "ln(2)",
    "description_en": "Natural logarithm of 2.",
    "description_ua": "Натуральний логарифм числа 2.",
    "description_es": "Logaritmo natural de 2.",
    "quantity": { "value": 0.6931471805599453, "unit": "unit" }
  },
  {
    "category_en": "Logarithms",
    "category_ua": "Логарифми",
    "category_es": "Logaritmos",
    "name_en": "ln(10)",
    "name_ua": "ln(10)",
    "name_es": "ln(10)",
    "description_en": "Natural logarithm of 10.",
    "description_ua": "Натуральний логарифм числа 10.",
    "description_es": "Logaritmo natural de 10.",
    "quantity": { "value": 2.302585092994046, "unit": "unit" }
  },
  {
    "category_en": "Powers",
    "category_ua": "Степені",
    "category_es": "Potencias",
    "name_en": "e^π",
    "name_ua": "e^π",
    "name_es": "e^π",
    "description_en": "e raised to the power of pi.",
    "description_ua": "e у степені π.",
    "description_es": "e elevado a π.",
    "quantity": { "value": 23.140692632779267, "unit": "unit" }
  },
  {
    "category_en": "Powers",
    "category_ua": "Степені",
    "category_es": "Potencias",
    "name_en": "π²",
    "name_ua": "π²",
    "name_es": "π²",
    "description_en": "Pi squared.",
    "description_ua": "Пі у квадраті.",
    "description_es": "Pi al cuadrado.",
    "quantity": { "value": 9.869604401089358, "unit": "unit" }
  }


]
