{
  "sidebar.1": {
    "ua": "Порівняння Землі і Сонця",
    "en": "Comparison of Earth and Sun",
    "es": "Comparación de la Tierra y el Sol"
  },
  "sidebar.2": {
    "ua": "Відстань від Землі до центру нашої Галактики",
    "en": "Distance from Earth to the center of our Galaxy",
    "es": "Distancia de la Tierra al centro de nuestra Galaxia"
  },
  "sidebar.3": {
    "ua": "Порівняння Сонця і найбільшої зірки",
    "en": "Comparison of the Sun and the largest star",
    "es": "Comparación del Sol y la estrella más grande"
  },
  "sidebar.4": {
    "ua": "Відстань від Землі до краю видимого Всесвіту",
    "en": "Distance from Earth to the edge of the observable Universe",
    "es": "Distancia de la Tierra al borde del Universo observable"
  },
  "sidebar.5": {
    "ua": "Відстань від Землі до найближчої зірки",
    "en": "Distance from Earth to the nearest star",
    "es": "Distancia de la Tierra a la estrella más cercana"
  },
  "sidebar.geo6": {
    "ua": "Населення Європи 2024 – Населення США 2024",
    "en": "Population of Europe 2024 – Population of USA 2024",
    "es": "Población de Europa 2024 – Población de EE. UU. 2024"
  },
  "sidebar.geo7": {
    "ua": "Населення світу 2024 – Населення Китаю 2024",
    "en": "Global Population 2024 – Population of China 2024",
    "es": "Población mundial 2024 – Población de China 2024"
  },
  "sidebar.geo8": {
    "ua": "Площа Європи – Площа суходолу",
    "en": "Land Area of Europe – Land Area of Earth",
    "es": "Área de Europa – Área terrestre"
  },
  "sidebar.geo9": {
    "ua": "Площа води – Площа суходолу",
    "en": "Water Area of Earth – Land Area of Earth",
    "es": "Área de agua – Área terrestre"
  },
  "sidebar.geo10": {
    "ua": "Висота Евересту – Висота найвищої будівлі",
    "en": "Mount Everest Height – Height of the Tallest Building",
    "es": "Altura del Monte Everest – Altura del edificio más alto"
  },
  "sidebar.time11": { 
    "ua": "Перша людина – Створення Землі – Створення Всесвіту", 
    "en": "First human – Formation of Earth – Creation of the Universe", 
    "es": "Primer humano – Formación de la Tierra – Creación del Universo" 
  },
  "sidebar.time12": { 
    "ua": "Будівництво пірамід – Перша людина – Вимирання динозаврів", 
    "en": "Construction of the Pyramids – First Human – Extinction of the Dinosaurs", 
    "es": "Construcción de las pirámides – Primer humano – Extinción de los dinosaurios" 
  },
  "sidebar.time13": { 
    "ua": "Кінець Другої світової війни – Кінець Першої світової війни – Розп’яття Христа", 
    "en": "End of WWII – End of WWI – Crucifixion of Christ", 
    "es": "Fin de la II Guerra Mundial – Fin de la I Guerra Mundial – Crucifixión de Cristo" 
  },
  "sidebar.time14": { 
    "ua": "Відкриття Америки – Будівництво Колізею – Заснування Риму", 
    "en": "Discovery of America – Completion of the Colosseum – Founding of Rome", 
    "es": "Descubrimiento de América – Construcción del Coliseo – Fundación de Roma" 
  },
  "sidebar.time15": { 
    "ua": "Перший політ братів Райт – Перший автомобіль – Винайдення колеса", 
    "en": "Wright Brothers’ First Flight – First Automobile – Invention of the Wheel", 
    "es": "Primer vuelo de los hermanos Wright – Primer automóvil – Invención de la rueda" 
  },

  "sidebar.bio16": {
    "ua": "Комар – Синій кит",
    "en": "Mosquito – Blue Whale",
    "es": "Mosquito – Ballena azul"
  },

  "sidebar.math17": {
    "ua": "Один мільйон – Один мільярд",
    "en": "One Million – One Billion",
    "es": "Un millón – Mil millones"
  },
  "sidebar.money18": {
    "ua": "Один мільйон доларів – Статки Ілона Маска 2024",
    "en": "One Million Dollars – Elon Musk Net Worth 2024",
    "es": "Un millón de dólares – Fortuna de Elon Musk 2024"
  },
  "sidebar.ss_vs_mw": {
  "ua": "Сонячна система і Чумацький Шлях",
  "en": "Solar System and Milky Way",
  "es": "Sistema Solar y Vía Láctea"
},
"sidebar.orbitpluto_vs_mw": {
  "ua": "Орбіта Плутона і Чумацький Шлях",
  "en": "Orbit of Pluto and Milky Way",
  "es": "Órbita de Plutón y Vía Láctea"
},

  "info.diameter": {
    "ua": "Уявіть, що {obj1Name} (діаметр {r1.val} {r1.unit}) масштабовано до {s1.val} {s1.unit}. Тоді {obj2Name} (діаметр {r2.val} {r2.unit}) у цьому масштабі буде {s2.val} {s2.unit}.",
    "en": "Imagine that {obj1Name} (diameter {r1.val} {r1.unit}) is scaled to {s1.val} {s1.unit}. Then {obj2Name} (diameter {r2.val} {r2.unit}) in this scale will be {s2.val} {s2.unit}.",
    "es": "Imaginen que {obj1Name} (diámetro {r1.val} {r1.unit}) se escala a {s1.val} {s1.unit}. Entonces {obj2Name} (diámetro {r2.val} {r2.unit}) en esta escala será {s2.val} {s2.unit}."
  },
  "info.distance": {
    "ua": "Уявіть, що {obj1Name} (діаметр {d1.val} {d1.unit}) масштабовано до кола діаметром {s1.val} {s1.unit}. У цьому масштабі відстань від Землі до {obj2Name} (відстань {d2.val} {d2.unit}) становитиме приблизно {s2.val} {s2.unit}.",
    "en": "Imagine that {obj1Name} (diameter {d1.val} {d1.unit}) is scaled to a circle of diameter {s1.val} {s1.unit}. In this scale, the distance from Earth to {obj2Name} (distance {d2.val} {d2.unit}) will be approximately {s2.val} {s2.unit}.",
    "es": "Imaginen que {obj1Name} (diámetro {d1.val} {d1.unit}) se escala a un círculo de diámetro {s1.val} {s1.unit}. En esta escala, la distancia desde la Tierra hasta {obj2Name} (distancia {d2.val} {d2.unit}) será aproximadamente {s2.val} {s2.unit}."
  },
  "info.value": {
    "ua": "Уявіть, що {obj1Name} ({field} {v1.val} {unit}) масштабовано до {s1.val} {s1.unit}. Тоді {obj2Name} ({field} {v2.val} {unit}) у цьому масштабі буде {s2.val} {s2.unit}.",
    "en": "Imagine that {obj1Name} ({field} {v1.val} {unit}) is scaled to {s1.val} {s1.unit}. Then {obj2Name} ({field} {v2.val} {unit}) in this scale will be {s2.val} {s2.unit}.",
    "es": "Imaginen que {obj1Name} ({field} {v1.val} {unit}) se escala a {s1.val} {s1.unit}. Entonces {obj2Name} ({field} {v2.val} {unit}) en esta escala será {s2.val} {s2.unit}."
  },
  "info.time": {
    "ua": "Уяви, що центр кіл — це сьогодні, а {obj1Name} ({real1_yr} років тому) на відстані {s1.val} {s1.unit}; у такому часовому масштабі {obj2Name} ({real2_yr} років тому) на відстані {s2.val} {s2.unit}, а {obj3Name} ({real3_yr} років тому) на відстані {s3.val} {s3.unit}.",
    "en": "Imagine that the center of the circles is today, and {obj1Name} ({real1_yr} years ago) is at a distance of {s1.val} {s1.unit}; in this time scale, {obj2Name} ({real2_yr} years ago) is at a distance of {s2.val} {s2.unit}, and {obj3Name} ({real3_yr} years ago) is at a distance of {s3.val} {s3.unit}.",
    "es": "Imaginen que el centro de los círculos es hoy, y {obj1Name} (hace {real1_yr} años) está a una distancia de {s1.val} {s1.unit}; en esta escala temporal, {obj2Name} (hace {real2_yr} años) está a una distancia de {s2.val} {s2.unit}, y {obj3Name} (hace {real3_yr} años) está a una distancia de {s3.val} {s3.unit}."
  }, 
  "field.population": { 
    "ua": "населення", 
    "en": "population", 
    "es": "población" 
  },
  "field.area": { 
    "ua": "площа",     
    "en": "area",       
    "es": "área"      
  },
  "field.height": { 
    "ua": "висота",    
    "en": "height",     
    "es": "altura"    
  },
  "field.money": {
    "ua": "гроші",
    "en": "money",
    "es": "dinero"
  },
  "field.size": {
  "ua": "розмір",
  "en": "size",
  "es": "tamaño"
},
  "unit.people": {
    "ua": "осіб",
    "en": "people",
    "es": "personas"
  },
  "field.quantity": {
  "ua": "кількість",
  "en": "quantity",
  "es": "cantidad"
},
  "unit.mm": {
    "ua": "мм",
    "en": "mm",
    "es": "mm"
  },
  "unit.cm": {
    "ua": "см",
    "en": "cm",
    "es": "cm"
  },
  "unit.m": {
    "ua": "м",
    "en": "m",
    "es": "m"
  },
  "unit.km": {
    "ua": "км",
    "en": "km",
    "es": "km"
  },
  "unit.km²": {
  "ua": "км²",
  "en": "km²",
  "es": "km²"
},
  "unit.thousand_km": {
    "ua": "тис. км",
    "en": "thousand km",
    "es": "mil km"
  },
  "unit.million_km": {
    "ua": "млн км",
    "en": "million km",
    "es": "millones de km"
  },
  "unit.billion_km": {
    "ua": "млрд км",
    "en": "billion km",
    "es": "mil millones de km"
  },
  "unit.ly": {
    "ua": "св. роки",
    "en": "light years",
    "es": "años luz"
  },
  "unit.thousand_ly": {
    "ua": "тис. св. роки",
    "en": "thousand light years",
    "es": "mil años luz"
  },
  "unit.million_ly": {
    "ua": "млн св. роки",
    "en": "million light years",
    "es": "millones de años luz"
  },
  "unit.billion_ly": {
    "ua": "млрд св. роки",
    "en": "billion light years",
    "es": "mil millones de años luz"
  },
  "unit.thousand": {
    "ua": "тис.",
    "en": "K",
    "es": "mil"
  },
  "unit.million": {
    "ua": "млн",
    "en": "M",
    "es": "millones"
  },
  "unit.billion": {
    "ua": "млрд",
    "en": "B",
    "es": "mil millones"
  },
"unit.USD": {
    "ua": "USD",
    "en": "USD",
    "es": "USD"
  },
  "unit.quantity": {
  "ua": "од.",
  "en": "unit",
  "es": "unidad"
},

"intro_title": {
  "ua": "Тестова версія:\nВізуальна презентація",
  "en": "Test version:\nVisual presentation",
  "es": "Versión de prueba:\nPresentación visual"
},

"intro_subtitle": {
  "ua": "Якщо Земля розміром з тенісний м’яч, де Сонце?\nЯкщо сторіччя - один крок, як далеко жили динозаври?\nЯкщо мільйон розміром з монету, який тоді мільярд?\n\nOrbitanica перетворює числа на просторовий досвід і дає тобі не просто знання, а відчуття масштабу, якого бракує світу цифр.",
  "en": "If Earth were the size of a tennis ball, where is the Sun?\nIf a century is a single step, how far back did dinosaurs live?\nIf a million is the size of a coin, how big is a billion?\n\nOrbitanica transforms numbers into spatial experience and gives you not just knowledge, but a sense of scale that the world of digits is missing.",
  "es": "Si la Tierra tuviera el tamaño de una pelota de tenis, ¿dónde está el Sol?\nSi un siglo es un solo paso, ¿qué tan lejos vivieron los dinosaurios?\nSi un millón tiene el tamaño de una moneda, ¿cuánto es un billón?\n\nOrbitanica transforma los números en experiencia espacial y te ofrece no solo conocimiento, sino una sensación de escala que le falta al mundo de las cifras."
},

  "howto_title": {
    "ua": "Як це працює",
    "en": "How it works",
    "es": "Cómo funciona"
  },
  "howto_step1": {
    "ua": "1. Встановіть мітку на глобусі",
    "en": "1. Place a marker on the globe",
    "es": "1. Coloca un marcador en el globo"
  },
  "howto_step2": {
    "ua": "2. Оберіть пару об’єктів для порівняння",
    "en": "2. Choose a pair of objects to compare",
    "es": "2. Elige un par de objetos para comparar"
  },
  "howto_step3": {
    "ua": "3. Вивчайте масштаби через візуалізацію",
    "en": "3. Explore scales through visualization",
    "es": "3. Explora las escalas mediante la visualización"
  },
  "features_title": {
    "ua": "Що буде у повноцінній версії?",
    "en": "What's coming in the full version?",
    "es": "¿Qué habrá en la versión completa?"
  },
"scroll_to_features": {
  "ua": "Повна версія",
  "en": "Full version",
  "es": "Versión completa"
},
  "features_1": {
  "ua": "Вибір об'єктів із тематичних бібліотек",
  "en": "Choose objects from thematic libraries",
  "es": "Elige objetos de bibliotecas temáticas"
},
"features_1_desc": {
  "ua": "Користувач зможе створювати свої порівняння, обираючи об’єкти з готових бібліотек.",
  "en": "Users will be able to create comparisons by choosing objects from ready-made libraries.",
  "es": "Los usuarios podrán crear comparaciones eligiendo objetos de bibliotecas ya preparadas."
},

"features_2": {
  "ua": "Створення власних об'єктів для порівнянь",
  "en": "Create your own comparison objects",
  "es": "Crea tus propios objetos para comparar"
},
"features_2_desc": {
  "ua": "Кожен зможе створювати свої об’єкти, давати їм назви, опис, значення параметра та одиниці виміру.",
  "en": "Everyone will be able to create their own objects by assigning names, descriptions, parameter values, and units.",
  "es": "Cualquiera podrá crear sus propios objetos asignando nombres, descripciones, valores de parámetros y unidades."
},
  "features_3": {
  "ua": "Задавання масштабу",
  "en": "Custom scale setting",
  "es": "Definir escala personalizada"
},
"features_3_desc": {
  "ua": "Користувач задає базовий масштаб, відносно якого буде створюватися візуалізація на глобусі.",
  "en": "The user sets a reference scale that determines how all other objects will be visualized on the globe.",
  "es": "El usuario define una escala base que determina cómo se visualizarán los demás objetos en el globo."
},

"features_4": {
  "ua": "Багатомовність",
  "en": "Multilingual interface",
  "es": "Interfaz multilingüe"
},
"features_4_desc": {
  "ua": "Кількість мов інтерфейсу Orbitanica буде поступово збільшуватися, що дозволить користувачам обирати серед ще більшої кількості доступних варіантів.",
  "en": "The number of languages available in the Orbitanica interface will gradually increase, allowing users to select from an even wider range of options.",
  "es": "El número de idiomas disponibles en la interfaz de Orbitanica aumentará gradualmente, lo que permitirá a los usuarios elegir entre una gama aún más amplia de opciones."
},
  "features_5": {
  "ua": "Розширення бібліотек",
  "en": "Expanding libraries",
  "es": "Ampliación de bibliotecas"
},
"features_5_desc": {
  "ua": "Поступове наповнення бібліотек десятками тисяч об'єктів для порівняння — від історичних фактів до наукових величин.",
  "en": "Continuous expansion of libraries with tens of thousands of comparison objects — from historical facts to scientific quantities.",
  "es": "Ampliación continua de las bibliotecas con decenas de miles de objetos para comparar — desde hechos históricos hasta magnitudes científicas."
},

"features_6": {
  "ua": "Генерація візуалізацій для соціальних мереж",
  "en": "Generate visualizations for social media",
  "es": "Generar visualizaciones para redes sociales"
},
"features_6_desc": {
  "ua": "Користувач зможе створити зображення свого порівняння у форматі, зручному для публікації в соціальних мережах.",
  "en": "Users will be able to generate images of their comparisons in formats optimized for sharing on social media.",
  "es": "Los usuarios podrán generar imágenes de sus comparaciones en formatos optimizados para compartir en redes sociales."
},
"features_7": {
  "ua": "Збереження персональних бібліотек",
  "en": "Save personal libraries",
  "es": "Guardar bibliotecas personales"
},
"features_7_desc": {
  "ua": "Можливість зберігати свої обʼєкти, масштабні сценарії та візуалізації, щоб повертатися до них у будь-який момент.",
  "en": "Ability to save your objects, scale scenarios, and visualizations to revisit them anytime.",
  "es": "Posibilidad de guardar tus objetos, escenarios de escala y visualizaciones para volver a ellos en cualquier momento."
},

"features_8": {
  "ua": "Підтримка навчальних сценаріїв",
  "en": "Support for educational scenarios",
  "es": "Soporte para escenarios educativos"
},
"features_8_desc": {
  "ua": "Платформа дозволяє створювати тематичні сценарії для уроків — з фіксованими порівняннями, текстовим супроводом та гідами для вчителів.",
  "en": "The platform enables creating thematic lesson scenarios — with predefined comparisons, supporting texts, and guides for teachers.",
  "es": "La plataforma permite crear escenarios temáticos para clases — con comparaciones predefinidas, textos de apoyo y guías para docentes."
},
"features_9": {
  "ua": "Інтеграція з освітніми платформами",
  "en": "Integration with educational platforms",
  "es": "Integración con plataformas educativas"
},
"features_9_desc": {
  "ua": "Можливість вбудовуватись у дистанційні курси, освітні портали, Google Classroom або Moodle для прямого використання викладачами.",
  "en": "Ability to embed into online courses, educational portals, Google Classroom or Moodle for direct use by teachers.",
  "es": "Capacidad para integrarse en cursos a distancia, portales educativos, Google Classroom o Moodle para uso directo de los docentes."
},

"features_10": {
  "ua": "Одночасне масштабування необмеженої кількості об’єктів",
  "en": "Simultaneous scaling of an unlimited number of objects",
  "es": "Escalado simultáneo de una cantidad ilimitada de objetos"
},
"features_10_desc": {
  "ua": "У професійній версії можна буде порівнювати не лише до трьох об'єктів, а будь-яку кількість, необхідну для масштабного вивчення об’єктів, явищ або історичних процесів.",
  "en": "In the Pro version, you’ll be able to compare not just up to three, but any number of objects needed for large-scale exploration of objects, phenomena, or historical processes.",
  "es": "En la versión Pro, podrás comparar no solo hasta tres, sino cualquier cantidad de objetos necesaria para el estudio a gran escala de objetos, fenómenos o procesos históricos."
},
"scroll_to_scaling": {
  "ua": "Методи масштабування",
  "en": "Calculation method",
  "es": "Método de cálculo"
},
  "scaling_methods_title": {
    "ua": "Як відбуваються розрахунки?",
    "en": "How calculations are performed?",
    "es": "¿Cómo se realizan los cálculos?"
  },

  "scaling_overview": {
    "ua": "Усі об'єкти відображаються у вигляді кіл на глобусі. Принцип масштабування залежить від типу величини, яку представляє коло. Центром кожного кола є мітка — місце, яке користувач обирає самостійно. Це знайомий простір, місцевість, завдяки якій масштаб сприймається інтуїтивно, стає наочним і зрозумілим.",
    "en": "All objects are represented as circles on the globe. The scaling principle depends on the type of quantity that the circle represents. The center of each circle is a marker — a location chosen by the user. This familiar space makes the scale intuitive, visual, and comprehensible.",
    "es": "Todos los objetos se representan como círculos en el globo. El principio de escalado depende del tipo de magnitud que representa el círculo. El centro de cada círculo es un marcador — un lugar que el usuario elige. Este espacio familiar hace que la escala sea intuitiva, visual y comprensible."
  },
  "scaling_diameter_distance_title": {
    "ua": "Діаметри та відстані",
    "en": "Diameters and Distances",
    "es": "Diámetros y Distancias"
  },
  "scaling_diameter_distance_desc": {
    "ua": "Діаметри та відстані масштабуються лінійно: якщо один із об'єктів має заданий розмір, інші відображаються пропорційно. Наприклад, якщо діаметр Землі дорівнює одному метру, то діаметр Сонця буде у 109 разів більшим.",
    "en": "Diameters and distances are scaled linearly: when one object has a defined size, others are displayed proportionally. For example, if Earth’s diameter is set to one meter, the Sun’s diameter will be 109 times larger.",
    "es": "Los diámetros y distancias se escalan linealmente: cuando un objeto tiene un tamaño definido, los demás se muestran proporcionalmente. Por ejemplo, si el diámetro de la Tierra se establece en un metro, el diámetro del Sol será 109 veces mayor."
  },
  "scaling_time_intervals_title": {
    "ua": "Часові інтервали",
    "en": "Time Intervals",
    "es": "Intervalos de Tiempo"
  },
  "scaling_time_intervals_desc": {
  "ua": "Масштабування часу здійснюється шляхом перетворення часових інтервалів на лінійні розміри кіл. Центр кіл відповідає сьогоднішньому дню. Чим більше коло, тим давніше відбулась подія або тривав період. Це допомагає наочно уявити, наскільки давно відбулися історичні події.",
  "en": "Time scaling is achieved by converting temporal intervals into linear circle sizes. The center of the circles represents the present day. The larger the circle, the earlier the event occurred or the longer the period lasted. This helps visualize how long ago historical events took place.",
  "es": "La escala del tiempo se realiza convirtiendo intervalos temporales en tamaños lineales de círculos. El centro de los círculos corresponde al día de hoy. Cuanto mayor sea el círculo, más antiguo fue el evento o más prolongado fue el periodo. Esto ayuda a visualizar cuánto tiempo ha pasado desde que ocurrieron eventos históricos."
},
  "scaling_areas_volumes_title": {
    "ua": "Площі та об'єми",
    "en": "Areas and Volumes",
    "es": "Áreas y Volúmenes"
  },
  "scaling_areas_volumes_desc": {
    "ua": "Для візуалізації площ і обʼємів діаметри кіл розраховуються через квадратний або кубічний корінь їх реальних значень. Це забезпечує правильне співвідношення між колами, даючи змогу коректно порівнювати великі та малі об’єкти.",
    "en": "To visualize areas and volumes, circle diameters are calculated using the square or cubic root of their real values. This ensures correct proportions between circles, allowing accurate comparison of large and small objects.",
    "es": "Para visualizar áreas y volúmenes, los diámetros de los círculos se calculan usando la raíz cuadrada o cúbica de sus valores reales. Esto garantiza proporciones correctas entre los círculos, permitiendo comparar con precisión objetos grandes y pequeños."
  },
  "scaling_quantitative_indicators_title": {
    "ua": "Кількісні показники (населення, гроші тощо)",
    "en": "Quantitative Indicators (Population, Money, etc.)",
    "es": "Indicadores Cuantitativos (Población, Dinero, etc.)"
  },
  "scaling_quantitative_indicators_desc": {
    "ua": "Кількісні параметри, такі як населення або гроші, представлені через площу кола. Чим більше значення, тим більша площа, що наочно демонструє пропорційну різницю між великими та малими кількостями.",
    "en": "Quantitative parameters such as population or money are represented by circle area. The larger the value, the greater the area, clearly demonstrating proportional differences between large and small quantities.",
    "es": "Parámetros cuantitativos como la población o el dinero se representan mediante el área del círculo. Cuanto mayor sea el valor, mayor será el área, demostrando claramente las diferencias proporcionales entre cantidades grandes y pequeñas."
  },
  "join_us_paragraph": {
  "ua": "Orbitanica зараз перебуває на ранній стадії створення та активного тестування. Розвиток проєкту вимагає поєднання різносторонніх знань із багатьох дисциплін, тому ми відкриті для співпраці з усіма, хто хоче поділитися своїм досвідом, знаннями та ідеями. Запрошуємо викладачів, програмістів та ентузіастів приєднатися до команди.",
  "en": "Orbitanica is currently in the early stages of creation and testing. Developing the project requires combining diverse knowledge from many disciplines, so we welcome collaboration with anyone willing to share their experience, knowledge, and ideas. We invite educators, developers, and enthusiasts to join the team.",
  "es": "Orbitanica está actualmente en una etapa temprana de creación y pruebas. El desarrollo del proyecto requiere combinar conocimientos diversos de muchas disciplinas, por lo que estamos abiertos a colaborar con quienes quieran compartir su experiencia, conocimientos e ideas. Invitamos a profesores, programadores y entusiastas a unirse al equipo."
},
"scroll_to_about": {
  "ua": "Контакти",
  "en": "Contacts",
  "es": "Contactos"
},
"nav_idea": {
  "ua": "Про концепцію",
  "en": "About the concept",
  "es": "Sobre el concepto"
},
"back_to_main": {
  "ua": "← На головну",
  "en": "← Back to main",
  "es": "← Volver al inicio"
},

  "panel_title_comparison": {
    "ua": "Порівняння",
    "en": "Comparison",
    "es": "Comparación"
  },
  "panel_title_univers": {
    "ua": "Всесвіт",
    "en": "Universe",
    "es": "Universo"
  },
  "panel_title_univers_diameter": {
    "ua": "Діаметр",
    "en": "Diameter",
    "es": "Diámetro"
  },
  "panel_title_univers_distance": {
    "ua": "Відстань",
    "en": "Distance",
    "es": "Distancia"
  },
  "panel_title_univers_luminosity": {
    "ua": "Світність",
    "en": "Luminosity",
    "es": "Luminosidad"
  },
  "panel_title_univers_mass": {
    "ua": "Маса",
    "en": "Mass",
    "es": "Masa"
  },
  "panel_title_history": {
    "ua": "Історія",
    "en": "History",
    "es": "Historia"
  },
  "panel_title_math": {
    "ua": "Математика",
    "en": "Mathematics",
    "es": "Matemáticas"
  },
  "panel_title_money": {
    "ua": "Гроші",
    "en": "Money",
    "es": "Dinero"
  },
  "panel_title_geo": {
    "ua": "Географія",
    "en": "Geography",
    "es": "Geografía"
  },
  "panel_title_other": {
    "ua": "Інше",
    "en": "Other",
    "es": "Otro"
  },
  "panel_placeholder_category": {
  "ua": "Виберіть категорію",
  "en": "Select category",
  "es": "Seleccione categoría"
},
"panel_placeholder_object1": {
  "ua": "Оберіть перший об'єкт",
  "en": "Select object 1",
  "es": "Seleccione objeto 1"
},
"panel_placeholder_object2": {
  "ua": "Оберіть другий об'єкт",
  "en": "Select object 2",
  "es": "Seleccione objeto 2"
},
"panel_placeholder_event1": {
  "ua": "Оберіть першу подію",
  "en": "Select event 1",
  "es": "Seleccione evento 1"
},
"panel_placeholder_event2": {
  "ua": "Оберіть другу подію",
  "en": "Select event 2",
  "es": "Seleccione evento 2"
},
"panel_placeholder_input_diameter": {
  "ua": "Задайте діаметр",
  "en": "Set diameter",
  "es": "Ingresar diámetro"
},

  "panel_button_calculate": {
    "ua": "Старт",
    "en": "Start",
    "es": "Iniciar"
  },
  "panel_button_reset": {
    "ua": "Скинути",
    "en": "Reset",
    "es": "Reiniciar"
  },
  "note_select_first_object": {
    "ua": "Виберіть перший обʼєкт",
    "en": "Select the first object",
    "es": "Seleccione el primer objeto"
  },
  "note_set_scale_first_object": {
    "ua": "Задайте масштаб першого обʼєкта",
    "en": "Set the scale of the first object",
    "es": "Establezca la escala del primer objeto"
  },
  "note_create_first_object": {
    "ua": "Або створіть перший обʼєкт",
    "en": "Or create the first object",
    "es": "O cree el primer objeto"
  },
  "note_select_second_object": {
    "ua": "Виберіть другий обʼєкт",
    "en": "Select the second object",
    "es": "Seleccione el segundo objeto"
  },
  "note_create_second_object": {
    "ua": "Або створіть другий обʼєкт",
    "en": "Or create the second object",
    "es": "O cree el segundo objeto"
  },
  "note_visualization_controls": {
    "ua": "Керування візуалізацією",
    "en": "Visualization controls",
    "es": "Controles de visualización"
  },
  "panel_button_create": {
  "ua": "Створити",
  "en": "Create",
  "es": "Crear"
},
  "label.real_diameter": {
    "ua": "Реальний діаметр",
    "en": "Real diameter",
    "es": "Diámetro real"
  },
  "label.scaled_diameter": {
    "ua": "Масштабований діаметр",
    "en": "Scaled diameter",
    "es": "Diámetro escalado"
  },

  "ui.info_panel.title": {
    "ua": "Результати масштабування",
    "en": "Scaling results",
    "es": "Resultados de escala"
  },
  "ui.info_panel.toggle_show": {
    "ua": "+опис",
    "en": "+description",
    "es": "+descripción"
  },
  "ui.info_panel.toggle_hide": {
    "ua": "–опис",
    "en": "–description",
    "es": "–descripción"
  },
  "ui.info_panel.descriptions": {
    "ua": "Описи",
    "en": "Descriptions",
    "es": "Descripciones"
  },
  
  "create_modal_title_diameter": {
    "ua": "Новий об’єкт — Діаметри",
    "en": "New Object — Diameters",
    "es": "Nuevo objeto — Diámetros"
  },
  "field_category": {
    "ua": "Категорія",
    "en": "Category",
    "es": "Categoría"
  },
  "field_name": {
    "ua": "Назва",
    "en": "Name",
    "es": "Nombre"
  },
  "field_value": {
    "ua": "Значення",
    "en": "Value",
    "es": "Valor"
  },
  "field_unit": {
    "ua": "Одиниця",
    "en": "Unit",
    "es": "Unidad"
  },
  "field_description": {
    "ua": "Опис (необов’язково)",
    "en": "Description (optional)",
    "es": "Descripción (opcional)"
  },
  "field_image": {
    "ua": "Фото (скоро)",
    "en": "Image (soon)",
    "es": "Imagen (pronto)"
  },
  "btn_create": {
    "ua": "Створити",
    "en": "Create",
    "es": "Crear"
  },
  "btn_cancel": {
    "ua": "Скасувати",
    "en": "Cancel",
    "es": "Cancelar"
  },
  
  "panel_placeholder_category_choose_or_enter": {
    "ua": "Виберіть або введіть категорію",
    "en": "Choose or enter a category",
    "es": "Elige o escribe una categoría"
  },
  "panel_placeholder_enter_object_name": {
    "ua": "Введіть назву об’єкта",
    "en": "Enter object name",
    "es": "Ingrese el nombre del objeto"
  },
  "wip_notice_short": {
  "ua": "Розробка: деякі функції тимчасово недоступні",
  "en": "Work in progress: some features are temporarily unavailable",
  "es": "En desarrollo: algunas funciones no están disponibles temporalmente"
}
}









