[
  {
    "category_en": "Planet",
    "category_ua": "Планета",
    "category_es": "Planeta",
    "name_en": "Earth",
    "name_ua": "Земля",
    "name_es": "Tierra",
    "description_en": "Our home planet, the third planet from the Sun.",
    "description_ua": "Наша рідна планета, третя за віддаленістю від Сонця.",
    "description_es": "Nuestro planeta natal, el tercero desde el Sol.",
    "diameter": { "value": 12742,    "unit": "km" },
    "mass":     { "value": 5.972e24,  "unit": "kg" },
    "luminosity": null,
    "distance_to_earth": { "value": 0,        "unit": "km" },
    "image_thumb": "res/objects/univers/earth_320.webp",
    "image_full":  "res/objects/univers/earth_1280.jpg"
  },
{
  "category_en": "Planet",
  "category_ua": "Планета",
  "category_es": "Planeta",
  "name_en": "Saturn",
  "name_ua": "Сатурн",
  "name_es": "Saturno",
  "description_en": "Saturn is the sixth planet from the Sun and the second largest in the Solar System. It is a gas giant composed primarily of hydrogen and helium.",
  "description_ua": "Сатурн — шоста за віддаленістю планета від Сонця і друга за розміром у Сонячній системі. Це газовий гігант, який складається переважно з водню та гелію.",
  "description_es": "Saturno es el sexto planeta desde el Sol y el segundo más grande del Sistema Solar. Es un gigante gaseoso compuesto principalmente de hidrógeno y helio.",
  "diameter": { "value": 116460, "unit": "km" },
  "mass": { "value": 5.683e26, "unit": "kg" },
  "luminosity": null,
  "distance_to_earth": { "value": 1200000000, "unit": "km" },
  "image_thumb": "res/objects/univers/saturn_320.webp",
  "image_full": "res/objects/univers/saturn_1280.jpg"
},
{
  "category_en": "Planet",
  "category_ua": "Планета",
  "category_es": "Planeta",
  "name_en": "Uranus",
  "name_ua": "Уран",
  "name_es": "Urano",
  "description_en": "Uranus is the seventh planet from the Sun and an ice giant of the Solar System.",
  "description_ua": "Уран — сьома від Сонця велика планета Сонячної системи, що належить до крижаних гігантів.",
  "description_es": "Urano es el séptimo planeta desde el Sol y un gigante helado del Sistema Solar.",
  "diameter": { "value": 50724, "unit": "km" },
  "mass": { "value": 8.681e25, "unit": "kg" },
  "luminosity": null,
  "distance_to_earth": { "value": 2600000000, "unit": "km" },
  "image_thumb": "res/objects/univers/uranus_320.webp",
  "image_full": "res/objects/univers/uranus_1280.jpg"
},  
{
  "category_en": "Planet",
  "category_ua": "Планета",
  "category_es": "Planeta",
  "name_en": "Mercury",
  "name_ua": "Меркурій",
  "name_es": "Mercurio",
  "description_en": "Mercury is a planet of the Solar System, the closest to the Sun and the smallest in the system. Its name comes from the Roman god Mercury.",
  "description_ua": "Меркурій — планета Сонячної системи, найближча до Сонця та найменша у системі. Назва походить від імені римського бога Меркурія.",
  "description_es": "Mercurio es un planeta del Sistema Solar, el más cercano al Sol y el más pequeño del sistema. Su nombre proviene del dios romano Mercurio.",
  "diameter": { "value": 4879, "unit": "km" },
  "mass": { "value": 3.301e23, "unit": "kg" },
  "luminosity": null,
  "distance_to_earth": { "value": 77300000, "unit": "km" },
  "image_thumb": "res/objects/univers/mercury_320.webp",
  "image_full": "res/objects/univers/mercury_1280.jpg"
},
{
  "category_en": "Planet",
  "category_ua": "Планета",
  "category_es": "Planeta",
  "name_en": "Venus",
  "name_ua": "Венера",
  "name_es": "Venus",
  "description_en": "Venus is the second planet from the Sun, named after the Roman goddess of love and beauty.",
  "description_ua": "Венера — друга планета від Сонця, названа ім'ям давньоримської богині кохання та краси Венери.",
  "description_es": "Venus es el segundo planeta desde el Sol, nombrado en honor a la diosa romana del amor y la belleza.",
  "diameter": { "value": 12104, "unit": "km" },
  "mass": { "value": 4.867e24, "unit": "kg" },
  "luminosity": null,
  "distance_to_earth": { "value": 38000000, "unit": "km" },
  "image_thumb": "res/objects/univers/venus_320.webp",
  "image_full": "res/objects/univers/venus_1280.jpg"
},
{
  "category_en": "Planet",
  "category_ua": "Планета",
  "category_es": "Planeta",
  "name_en": "Mars",
  "name_ua": "Марс",
  "name_es": "Marte",
  "description_en": "Mars is the fourth planet from the Sun. It has been observed since antiquity as one of the brightest objects in the sky and is visible to the naked eye.",
  "description_ua": "Марс — четверта планета Сонячної системи за відстанню від Сонця. Спостерігався з античних часів, оскільки є одним із найяскравіших об'єктів на небі та видимий неозброєним оком.",
  "description_es": "Marte es el cuarto planeta desde el Sol. Se observa desde la antigüedad por ser uno de los objetos más brillantes del cielo y visible a simple vista.",
  "diameter": { "value": 6779, "unit": "km" },
  "mass": { "value": 6.417e23, "unit": "kg" },
  "luminosity": null,
  "distance_to_earth": { "value": 54600000, "unit": "km" },
  "image_thumb": "res/objects/univers/mars_320.webp",
  "image_full": "res/objects/univers/mars_1280.jpg"
},
{
  "category_en": "Planet",
  "category_ua": "Планета",
  "category_es": "Planeta",
  "name_en": "Jupiter",
  "name_ua": "Юпітер",
  "name_es": "Júpiter",
  "description_en": "Jupiter is the fifth planet from the Sun and the largest in the Solar System. Its name comes from the Roman god of the sky and thunder, king of the gods.",
  "description_ua": "Юпі́тер — п'ята від Сонця та найбільша планета Сонячної системи. Назва Юпітера походить від імені давньоримського бога неба та грому і царя богів.",
  "description_es": "Júpiter es el quinto planeta desde el Sol y el más grande del Sistema Solar. Su nombre proviene del dios romano del cielo y el trueno y rey de los dioses.",
  "diameter": { "value": 139820, "unit": "km" },
  "mass": { "value": 1.898e27, "unit": "kg" },
  "luminosity": null,
  "distance_to_earth": { "value": 588000000, "unit": "km" },
  "image_thumb": "res/objects/univers/jupiter_320.webp",
  "image_full": "res/objects/univers/jupiter_1280.jpg"
},
{
  "category_en": "Planet",
  "category_ua": "Планета",
  "category_es": "Planeta",
  "name_en": "Neptune",
  "name_ua": "Нептун",
  "name_es": "Neptuno",
  "description_en": "Neptune is the eighth planet from the Sun, named after the Roman god of the sea.",
  "description_ua": "Непту́н — планета Сонячної системи, восьма за віддаленістю від Сонця. Планета названа на честь римського бога морів.",
  "description_es": "Neptuno es el octavo planeta desde el Sol. El planeta lleva el nombre del dios romano del mar.",
  "diameter": { "value": 49244, "unit": "km" },
  "mass": { "value": 1.024e26, "unit": "kg" },
  "luminosity": null,
  "distance_to_earth": { "value": 4300000000, "unit": "km" },
  "image_thumb": "res/objects/univers/neptune_320.webp",
  "image_full": "res/objects/univers/neptune_1280.jpg"
},
{
  "category_en": "Planet",
  "category_ua": "Планета",
  "category_es": "Planeta",
  "name_en": "Pluto",
  "name_ua": "Плутон",
  "name_es": "Plutón",
  "description_en": "A dwarf planet in the Kuiper belt.",
  "description_ua": "Карликова планета в поясі Койпера.",
  "description_es": "Un planeta enano en el cinturón de Kuiper.",
  "diameter": { "value": 2376.6, "unit": "km" },
  "mass":     { "value": 1.309e22, "unit": "kg" },
  "luminosity": null,
  "distance_to_earth": { "value": 5.9e9, "unit": "km" }
},
{
  "category_en": "Natural satellite",
  "category_ua": "Природний супутник",
  "category_es": "Satélite natural",
  "name_en": "Moon",
  "name_ua": "Місяць",
  "name_es": "Luna",
  "description_en": "Earth's only natural satellite.",
  "description_ua": "Єдиний природний супутник Землі.",
  "description_es": "El único satélite natural de la Tierra.",
  "diameter": { "value": 3474.8, "unit": "km" },
  "mass":     { "value": 7.342e22, "unit": "kg" },
  "luminosity": null,
  "distance_to_earth": { "value": 384400, "unit": "km" }
},
{
  "category_en": "Orbit",
  "category_ua": "Орбіта",
  "category_es": "Órbita",

  "name_en": "Orbit of Pluto",
  "name_ua": "Орбіта Плутона",
  "name_es": "Órbita de Plutón",

  "description_en": "The average diameter of Pluto's orbit around the Sun.",
  "description_ua": "Середній діаметр орбіти Плутона навколо Сонця.",
  "description_es": "El diámetro medio de la órbita de Plutón alrededor del Sol.",

  "diameter": { "value": 11.84e9, "unit": "km" },
  "mass":     null,
  "luminosity": null,

  "distance_to_earth": { "value": 5.9e9, "unit": "km" }
},  
{
    "category_en": "Star",
    "category_ua": "Зірка",
    "category_es": "Estrella",
    "name_en": "Sun",
    "name_ua": "Сонце",
    "name_es": "Sol",
    "description_en": "The star at the center of our Solar System.",
    "description_ua": "Зірка в центрі нашої Сонячної системи.",
    "description_es": "La estrella en el centro de nuestro Sistema Solar.",
    "diameter": { "value": 1392700, "unit": "km" },
    "mass":     { "value": 1.989e30, "unit": "kg" },
    "luminosity": { "value": 1,       "unit": "L☉" },
    "distance_to_earth": { "value": 149600000, "unit": "km" },
    "image_thumb": "res/objects/univers/sun_320.webp",
    "image_full":  "res/objects/univers/sun_1280.jpg"
  },
  {
    "category_en": "Star",
    "category_ua": "Зірка",
    "category_es": "Estrella",
    "name_en": "Proxima Centauri",
    "name_ua": "Проксіма Центавра",
    "name_es": "Próxima Centauri",
    "description_en": "The closest star to Earth after the Sun.",
    "description_ua": "Найближча до Землі зірка після Сонця.",
    "description_es": "La estrella más cercana a la Tierra después del Sol.",
    "diameter": { "value": 214000,  "unit": "km" },
    "mass":     { "value": 2.43e29, "unit": "kg" },
    "luminosity": { "value": 0.0017,  "unit": "L☉" },
    "distance_to_earth": { "value": 4.02e13, "unit": "km" }
  },
{
  "category_en": "Star",
  "category_ua": "Зірка",
  "category_es": "Estrella",
  "name_en": "Stephenson 2-18",
  "name_ua": "Stephenson 2-18",
  "name_es": "Stephenson 2-18",
  "description_en": "An extremely large and luminous red supergiant/hypergiant candidate near the Stephenson 2 cluster; among the largest known stars, but its size and distance are uncertain.",
  "description_ua": "Надзвичайно велика й яскрава зірка — кандидат у червоні надгіганти/гіпергіганти поблизу скупчення Stephenson 2; одна з найбільших відомих, але її розміри та відстань мають значну невизначеність.",
  "description_es": "Una estrella extremadamente grande y luminosa, candidata a supergigante/hipergigante roja cerca del cúmulo Stephenson 2; entre las más grandes conocidas, pero su tamaño y distancia son inciertos.",
  "diameter": { "value": 3.0e9, "unit": "km" },
  "mass":     { "value": 1.47e31, "unit": "kg" },
  "luminosity": { "value": 630000, "unit": "L☉" },
  "distance_to_earth": { "value": 1.7897e17, "unit": "km" },
  "image_thumb": "res/objects/univers/stephenson_320.webp",
  "image_full":  "res/objects/univers/stephenson_1280.jpg"
},
{
  "category_en": "Star",
  "category_ua": "Зірка",
  "category_es": "Estrella",
  "name_en": "Aldebaran",
  "name_ua": "Альдебаран",
  "name_es": "Aldebarán",
  "description_en": "Aldebaran, also Palilicium, is the brightest star in the constellation Taurus and one of the brightest stars in the night sky.",
  "description_ua": "Альдебаран, також Паліліціум — найяскравіша зоря у сузір'ї Тельця та одна з найяскравіших зір на нічному небі.",
  "description_es": "Aldebarán, también Palilicium, es la estrella más brillante de la constelación de Tauro y una de las más brillantes del cielo nocturno.",
  "diameter": { "value": 63000000, "unit": "km" },
  "mass":     { "value": 2.31e30,   "unit": "kg" },
  "luminosity": { "value": 439,     "unit": "L☉" },
  "distance_to_earth": { "value": 6.17e14, "unit": "km" },
  "image_thumb": "res/objects/univers/aldebaran_320.webp",
  "image_full":  "res/objects/univers/aldebaran_1280.jpg"
},
  {
    "category_en": "Universe_edge",
    "category_ua": "Край видимого всесвіту",
    "category_es": "Borde del universo observable",
    "name_en": "Edge of Observable Universe",
    "name_ua": "Край видимого всесвіту",
    "name_es": "Borde del universo observable",
    "description_en": "The maximum distance from which light has had time to reach us since the Big Bang.",
    "description_ua": "Найбільша відстань, з якої світло встигло дійти до нас від Великого Вибуху.",
    "description_es": "La mayor distancia desde la cual la luz ha tenido tiempo de llegarnos desde el Big Bang.",
    "diameter": { "value": 8.8e23,  "unit": "km" },
    "mass":     null,
    "luminosity": null,
    "distance_to_earth": { "value": 4.4e23,  "unit": "km" }
  }
]