{
"diameter": {
  "base": "km",
  "units": {
    "m": 0.001,
    "km": 1,
    "cm": 1e-5,
    "mm": 1e-6,
    "AU": 149597870.7,
    "ly": 9.4607304725808e12,
    "kly": 9.4607304725808e15,
    "Mly": 9.4607304725808e18,
    "Gly": 9.4607304725808e21
  }
},

"distance": {
  "base": "km",
  "units": {
    "m": 0.001,
    "km": 1,
    "cm": 1e-5,
    "mm": 1e-6,
    "AU": 149597870.7,
    "ly": 9.4607304725808e12,
    "kly": 9.4607304725808e15,
    "Mly": 9.4607304725808e18,
    "Gly": 9.4607304725808e21
  }
},
"mass": {
  "base": "M⊕",
  "units": {
    "M⊕": 1,
    "g":  1.6744809109176156e-28,
    "kg": 1.6744809109176155e-25,
    "t":  1.6744809109176154e-22,
    "Mt": 1.6744809109176154e-16,
    "Gt": 1.6744809109176154e-13,
    "M☉": 332965.5056932351
  }
},
"luminosity": {
  "base": "L☉",
  "units": {
    "L☉": 1,
    "W":  2.612330198537095e-27,
    "kW": 2.612330198537095e-24,
    "MW": 2.612330198537095e-21,
    "GW": 2.612330198537095e-18,
    "TW": 2.612330198537095e-15
  }
},
  "money": {
    "base": "USD",
    "units": {
      "USD": 1,
      "EUR": 1.1,
      "UAH": 0.027
    }
  },
  "area": {
    "base": "m2",
    "units": {
      "m2": 1,
      "km2": 1000000,
      "ha": 10000,
      "acre": 4046.856
    }
  },
  "population": {
    "base": "person",
    "units": {
      "person": 1,
      "thousand": 1000,
      "million": 1000000,
      "billion": 1000000000
    }
  },
  "math": {
    "base": "unit",
    "units": {
      "unit": 1
    }
  }
}
