{
  "diameter": {
    "base": "m",
    "units": {
      "m": 1,
      "km": 1000,
      "cm": 0.01,
      "mm": 0.001,
      "AU": 149597870700,
      "ly": 9460730472580800,
      "kly": 9460730472580800000,
      "Mly": 9460730472580800000000,
      "Gly": 9460730472580800000000000
    }
  },
  "distance": {
    "base": "m",
    "units": {
      "m": 1,
      "km": 1000,
      "cm": 0.01,
      "mm": 0.001,
      "AU": 149597870700,
      "ly": 9460730472580800,
      "kly": 9460730472580800000,
      "Mly": 9460730472580800000000,
      "Gly": 9460730472580800000000000
    }
  },
  "mass": {
    "base": "kg",
    "units": {
      "g": 0.001,
      "kg": 1,
      "t": 1000,
      "Mt": 1000000,
      "Gt": 1000000000,
      "M☉": 1.98847e30
    }
  },
  "luminosity": {
    "base": "W",
    "units": {
      "W": 1,
      "kW": 1000,
      "MW": 1000000,
      "GW": 1000000000,
      "TW": 1000000000000,
      "L☉": 3.828e26
    }
  },
  "money": {
    "base": "USD",
    "units": {
      "USD": 1,
      "EUR": 1.1,
      "UAH": 0.027
    }
  },
  "area": {
    "base": "m2",
    "units": {
      "m2": 1,
      "km2": 1000000,
      "ha": 10000,
      "acre": 4046.856
    }
  },
  "population": {
    "base": "person",
    "units": {
      "person": 1,
      "thousand": 1000,
      "million": 1000000,
      "billion": 1000000000
    }
  },
  "math": {
    "base": "unit",
    "units": {
      "unit": 1
    }
  }
}
